'Kantor Pusat';'82';'KU.05.01/9/4/1/PJK/LAK-21';'1412143';'1';to_date('20210409','yyyymmdd');'';to_date('','yyyymmdd');'';'01';'010';'';'233803610';'Invoice Number * KU.05.01/9/4/1/PJK/LAK-21 - 158168 * Vendor * KAS NEGARA * Description * Pemby. PPh 21,22,23, dan 4 ayat 2 Maret 2021 * Line * 1 * GL Date * 09-APR-21';'';'';'10927';'';'';'PPh Psl 23 dan 26';'';'AP-AWT';'N';'';'KAS NEGARA';'JAKARTA';'';'';'';'IDR';'';'9883';'0000';'Default';'';'';'';'';'';'';'';to_date('','yyyymmdd');'';'';'';'';'';'';'';'4321';'-60898061';'234358717';'180408610'
'Tanjung Priok';'83';'001/DGK/EXT/R23/IV/21';'1416329';'1';to_date('20210423','yyyymmdd');'';to_date('','yyyymmdd');'';'01';'010';'';'17440';'Invoice Number * 001/DGK/EXT/R23/IV/21 - 158892 * Vendor * Data Global Komukatama, PT * Description * PEMBY. REIMBURSEMENT PPH PASAL 23 PER MARET 2021 * Line * 1 * GL Date * 23-APR-21';'';'';'1957317';'';'';'PPh Psl 23 dan 26';'';'AP-AWT';'N';'';'Data Global Komukatama, PT';'Komplek Ruko Mangga Dua Elok Blok D 18-19, Jl. Mangga Dua Abdad';'';'';'';'IDR';'';'9883';'0000';'Default';'';'';'';'';'';'';'';to_date('','yyyymmdd');'';'';'';'';'';'';'';'73961';'-60898061';'234358717';'180408610'
'Tanjung Priok';'83';'0011/AMP/01/2021';'1412840';'2';to_date('20210415','yyyymmdd');'';to_date('','yyyymmdd');'42';'01';'010';'80102110';'-39100';'Invoice Number * 0011/AMP/01/2021 - 158277 * Vendor * ANDINI MEDIA PRATAMA * Description * * Line * 2 * GL Date * 15-APR-21';'';'1955000';'4028319';'';'';'PPh Psl 23 dan 26';'2';'AP-AWT';'N';'';'ANDINI MEDIA PRATAMA';'Jl.Cendrawasih B2/I , Komp Walikota';'';'';'';'IDR';'2';'9883';'0000';'Default';'';'';'';'';'';'';'';to_date('','yyyymmdd');'';'';'';'';'';'';'';'140521';'-60898061';'234358717';'180408610'
'Tanjung Priok';'83';'0012/AMP/011/2021';'1413489';'2';to_date('20210415','yyyymmdd');'';to_date('','yyyymmdd');'00';'01';'010';'80102110';'-154700';'Invoice Number * 0012/AMP/011/2021 - 158347 * Vendor * ANDINI MEDIA PRATAMA * Description * * Line * 2 * GL Date * 15-APR-21';'';'7735000';'4028319';'';'';'PPh Psl 23 dan 26';'';'AP-AWT';'N';'';'ANDINI MEDIA PRATAMA';'Jl.Cendrawasih B2/I , Komp Walikota';'';'';'';'IDR';'2';'9883';'0000';'Default';'';'';'';'';'';'';'';to_date('','yyyymmdd');'';'';'';'';'';'';'';'140521';'-60898061';'234358717';'180408610'
'Tanjung Priok';'83';'002/BMU/CBG/II/2021';'1407772';'4';to_date('20210401','yyyymmdd');'030.004-21.30340420';to_date('20210326','yyyymmdd');'27';'01';'010';'80106191';'-1505130';'Invoice Number * 002/BMU/CBG/II/2021 - 157576 * Vendor * BALONG MAS UTAMA.PT * Description * * Line * 4 * GL Date * 01-APR-21';'';'75256504';'35023';'';'';'PPh Psl 23 dan 26';'2';'AP-AWT';'N';'';'BALONG MAS UTAMA.PT';'RUKO CEMPAKA MAS BLOK.D 17 SUMUR BATU JAK-PUS';'02.494.737.6-027.000';'';'';'IDR';'2';'9883';'0000';'Default';'';'';'';'';'';'';'';to_date('','yyyymmdd');'';'';'';'';'';'';'';'8209';'-60898061';'234358717';'180408610'
'Tanjung Priok';'83';'0027866';'1410589';'4';to_date('20210408','yyyymmdd');'030.002-21.57713224';to_date('20210202','yyyymmdd');'18c';'01';'010';'80107111';'-709956';'Invoice Number * 0027866 - 157872 * Vendor * Lane Archive Management, PT * Description * * Line * 4 * GL Date * 08-APR-21';'';'35497800';'1006319';'';'';'PPh Psl 23 dan 26';'';'AP-AWT';'N';'';'Lane Archive Management, PT';'Taman Tekno BSD Sektor XI Blok C No.2 Kel. Setu Kec. Setu';'';'';'';'IDR';'2';'9883';'0000';'Default';'';'';'';'';'';'';'';to_date('','yyyymmdd');'';'';'';'';'';'';'';'50048';'-60898061';'234358717';'180408610'
'Tanjung Priok';'83';'0028124';'1410557';'3';to_date('20210408','yyyymmdd');'030.002-21.57713428';to_date('20210301','yyyymmdd');'18c';'01';'010';'80107111';'-709956';'Invoice Number * 0028124 - 157871 * Vendor * Lane Archive Management, PT * Description * * Line * 3 * GL Date * 08-APR-21';'';'35497800';'1006319';'';'';'PPh Psl 23 dan 26';'';'AP-AWT';'N';'';'Lane Archive Management, PT';'Taman Tekno BSD Sektor XI Blok C No.2 Kel. Setu Kec. Setu';'';'';'';'IDR';'2';'9883';'0000';'Default';'';'';'';'';'';'';'';to_date('','yyyymmdd');'';'';'';'';'';'';'';'50048';'-60898061';'234358717';'180408610'
'Tanjung Priok';'83';'003/BMU/CBG/II/2021';'1407750';'4';to_date('20210401','yyyymmdd');'030.004-21.30340419';to_date('20210326','yyyymmdd');'27';'01';'010';'80106191';'-1207644';'Invoice Number * 003/BMU/CBG/II/2021 - 157573 * Vendor * BALONG MAS UTAMA.PT * Description * * Line * 4 * GL Date * 01-APR-21';'';'60382245';'35023';'';'';'PPh Psl 23 dan 26';'2';'AP-AWT';'N';'';'BALONG MAS UTAMA.PT';'RUKO CEMPAKA MAS BLOK.D 17 SUMUR BATU JAK-PUS';'02.494.737.6-027.000';'';'';'IDR';'2';'9883';'0000';'Default';'';'';'';'';'';'';'';to_date('','yyyymmdd');'';'';'';'';'';'';'';'8209';'-60898061';'234358717';'180408610'
'Tanjung Priok';'83';'003/D/TJK/03/21';'1411443';'4';to_date('20210412','yyyymmdd');'030.004-21.29001284';to_date('20210312','yyyymmdd');'45';'01';'010';'80106121';'-10248467';'Invoice Number * 003/D/TJK/03/21 - 158048 * Vendor * TERMINAL JASA KARYA, PT * Description * * Line * 4 * GL Date * 12-APR-21';'';'512423360';'7898';'';'';'PPh Psl 23 dan 26';'2';'AP-AWT';'N';'';'TERMINAL JASA KARYA, PT';'JL.YOS SUDARSO NO.12 TG.PRIOK';'03.276.307.0-093.000';'';'';'IDR';'2';'9883';'0000';'Default';'';'';'';'';'';'';'';to_date('','yyyymmdd');'';'';'';'';'';'';'';'2349';'-60898061';'234358717';'180408610'
'Tanjung Priok';'83';'0031/AMP/XII/2020';'1410610';'3';to_date('20210408','yyyymmdd');'';to_date('','yyyymmdd');'42';'01';'010';'80102110';'-471000';'Invoice Number * 0031/AMP/XII/2020 - 157875 * Vendor * PT ANDINI MEDIA PRATAMA * Description * * Line * 3 * GL Date * 08-APR-21';'';'23550000';'4015320';'';'';'PPh Psl 23 dan 26';'';'AP-AWT';'N';'';'PT ANDINI MEDIA PRATAMA';'JL.CENDRAWASIH B2/I KOMP WALIKOTA';'';'';'';'IDR';'2';'9883';'0000';'Default';'';'';'';'';'';'';'';to_date('','yyyymmdd');'';'';'';'';'';'';'';'136842';'-60898061';'234358717';'180408610'
'Tanjung Priok';'83';'004/D/TJK/04/21';'1419107';'4';to_date('20210430','yyyymmdd');'030.004-21.29001285';to_date('20210414','yyyymmdd');'45';'01';'010';'80106121';'-12160208';'Invoice Number * 004/D/TJK/04/21 - 159338 * Vendor * TERMINAL JASA KARYA, PT * Description * * Line * 4 * GL Date * 30-APR-21';'';'608010423';'7898';'';'';'PPh Psl 23 dan 26';'2';'AP-AWT';'N';'';'TERMINAL JASA KARYA, PT';'JL.YOS SUDARSO NO.12 TG.PRIOK';'03.276.307.0-093.000';'';'';'IDR';'2';'9883';'0000';'Default';'';'';'';'';'';'';'';to_date('','yyyymmdd');'';'';'';'';'';'';'';'2349';'-60898061';'234358717';'180408610'
'Tanjung Priok';'83';'007/AMP/01/2021';'1412848';'2';to_date('20210415','yyyymmdd');'';to_date('','yyyymmdd');'42';'01';'010';'80102110';'-36000';'Invoice Number * 007/AMP/01/2021 - 158280 * Vendor * ANDINI MEDIA PRATAMA * Description * * Line * 2 * GL Date * 15-APR-21';'';'1800000';'4028319';'';'';'PPh Psl 23 dan 26';'2';'AP-AWT';'N';'';'ANDINI MEDIA PRATAMA';'Jl.Cendrawasih B2/I , Komp Walikota';'';'';'';'IDR';'2';'9883';'0000';'Default';'';'';'';'';'';'';'';to_date('','yyyymmdd');'';'';'';'';'';'';'';'140521';'-60898061';'234358717';'180408610'
'Tanjung Priok';'83';'007/APM/KWT/II/2021';'1407669';'5';to_date('20210401','yyyymmdd');'030.005-21.26867391';to_date('20210224','yyyymmdd');'27';'01';'010';'80103291';'-2386745';'Invoice Number * 007/APM/KWT/II/2021 - 157568 * Vendor * Aditia Prima Mandiri, CV * Description * * Line * 5 * GL Date * 01-APR-21';'';'119337272';'2874318';'';'';'PPh Psl 23 dan 26';'2';'AP-AWT';'N';'';'Aditia Prima Mandiri, CV';'Perum Palem Ganda Asri 3 Blok A.10 No.4 RT.001/007 Kel. Karang Timur Kec. Karang Tengah';'';'';'';'IDR';'2';'9883';'0000';'Default';'';'';'';'';'';'';'';to_date('','yyyymmdd');'';'';'';'';'';'';'';'96083';'-60898061';'234358717';'180408610'
'Tanjung Priok';'83';'009/BMU/CBG/III/2021';'1413144';'5';to_date('20210415','yyyymmdd');'030.004-21.30340422';to_date('20210409','yyyymmdd');'00';'01';'010';'80106191';'-1374275';'Invoice Number * 009/BMU/CBG/III/2021 - 158317 * Vendor * BALONG MAS UTAMA.PT * Description * PEMBY.PENDAPATAN JASA PENGAMBILAN SAMPAH KAPAL ASING (LUAR NEGERI) DAN PENDAPATAN JASA PENGELOLAAN SAMPAH KAPAL LOKAL (DALAM NEGERI) PERIODE BULAH';'';'68713736';'35023';'';'';'PPh Psl 23 dan 26';'';'AP-AWT';'N';'';'BALONG MAS UTAMA.PT';'RUKO CEMPAKA MAS BLOK.D 17 SUMUR BATU JAK-PUS';'02.494.737.6-027.000';'';'';'IDR';'2';'9883';'0000';'Default';'';'';'';'';'';'';'';to_date('','yyyymmdd');'';'';'';'';'';'';'';'8209';'-60898061';'234358717';'180408610'
'Tanjung Priok';'83';'010.010.21-20.000061';'1414793';'4';to_date('20210420','yyyymmdd');'030.003-21.91738253';to_date('20210405','yyyymmdd');'45';'01';'010';'';'-373424';'Invoice Number * 010.010.21-20.000061 - 158643 * Vendor * BERJAYA INDAH GEMILANG PT. * Description * PEMBY. KEGIATAN B/M KAPAL ILIR JAYA-IX.TK TGL KEGIATAN 20-23 MAR 2021 * Line * 4 * GL Date * 20-APR-21';'';'18671175';'155029';'';'';'PPh Psl 23 dan 26';'2';'AP-AWT';'N';'';'BERJAYA INDAH GEMILANG PT.';'JL.SARANG BANGO NO.170 MARUNDA';'03.276.307.0-093.000';'';'';'IDR';'2';'9883';'0000';'Default';'';'';'';'';'';'';'';to_date('','yyyymmdd');'';'';'';'';'';'';'';'11581';'-60898061';'234358717';'180408610'
'Tanjung Priok';'83';'010.010.21-20.000062';'1415700';'4';to_date('20210422','yyyymmdd');'030.004-21.19835437';to_date('20210416','yyyymmdd');'45';'01';'010';'';'-195518';'Invoice Number * 010.010.21-20.000062 - 158800 * Vendor * JASA ANUGERAH SAMUDERA * Description * PEMBY. TAGIHAN KEGIATAN B/M KAPAL BM VII. TK TGL KEGIATAN 3-5 APRIL 2021 * Line * 4 * GL Date * 22-APR-21';'';'9775875';'573290';'';'';'PPh Psl 23 dan 26';'2';'AP-AWT';'N';'';'JASA ANUGERAH SAMUDERA';'JL.GANGGENG III NO 34';'';'';'';'IDR';'2';'9883';'0000';'Default';'';'';'';'';'';'';'';to_date('','yyyymmdd');'';'';'';'';'';'';'';'21901';'-60898061';'234358717';'180408610'
'Tanjung Priok';'83';'010.010.21-20.000063';'1417015';'4';to_date('20210426','yyyymmdd');'030.003-21.84215899';to_date('20210421','yyyymmdd');'45';'01';'010';'';'-333126';'Invoice Number * 010.010.21-20.000063 - 159002 * Vendor * SINAR CITRA LESTARI * Description * PEMBY. KEGIATAN B/M KAPAL SAHABAT KAPUAS XXII EX TGL KEGIATAN 7-9 APRIL 2021 * Line * 4 * GL Date * 26-APR-21';'';'16656300';'20938';'';'';'PPh Psl 23 dan 26';'2';'AP-AWT';'N';'';'SINAR CITRA LESTARI';'JL.CUMI NO.36 JAKARTA';'022386007042000';'';'';'IDR';'2';'9883';'0000';'Default';'';'';'';'';'';'';'';to_date('','yyyymmdd');'';'';'';'';'';'';'';'5693';'-60898061';'234358717';'180408610'
'Tanjung Priok';'83';'010.010.21-20.000064';'1417887';'4';to_date('20210428','yyyymmdd');'030.003-21.91738258';to_date('20210421','yyyymmdd');'45';'01';'010';'';'-330937';'Invoice Number * 010.010.21-20.000064 - 159150 * Vendor * BERJAYA INDAH GEMILANG PT. * Description * PEMBY. PEKERJAAN KEGIATAN B/M KAPAL ILIR JAYA II.TK TGL KEGIATAN 10-12 APRIL 2021 * Line * 4 * GL Date * 28-APR-21';'';'16546850';'155029';'';'';'PPh Psl 23 dan 26';'2';'AP-AWT';'N';'';'BERJAYA INDAH GEMILANG PT.';'JL.SARANG BANGO NO.170 MARUNDA';'03.276.307.0-093.000';'';'';'IDR';'2';'9883';'0000';'Default';'';'';'';'';'';'';'';to_date('','yyyymmdd');'';'';'';'';'';'';'';'11581';'-60898061';'234358717';'180408610'
'Tanjung Priok';'83';'010.010.21-20.000065';'1417914';'4';to_date('20210428','yyyymmdd');'030.004-21.19835451';to_date('20210422','yyyymmdd');'45';'01';'010';'';'-198105';'Invoice Number * 010.010.21-20.000065 - 159155 * Vendor * JASA ANUGERAH SAMUDERA * Description * PEMBY. PEKERJAAN KEGIATAN B/M KAPAL LABROY 267.BG TGL KEGIATAN 15 APRIL 2021 * Line * 4 * GL Date * 28-APR-21';'';'9905225';'573290';'';'';'PPh Psl 23 dan 26';'2';'AP-AWT';'N';'';'JASA ANUGERAH SAMUDERA';'JL.GANGGENG III NO 34';'';'';'';'IDR';'2';'9883';'0000';'Default';'';'';'';'';'';'';'';to_date('','yyyymmdd');'';'';'';'';'';'';'';'21901';'-60898061';'234358717';'180408610'
'Tanjung Priok';'83';'010.010.21-20.000067';'1416557';'2';to_date('20210425','yyyymmdd');'';to_date('','yyyymmdd');'';'01';'010';'';'-210882';'Invoice Number * 010.010.21-20.000067 - * Vendor * SARANA BANDAR NASIONAL. PT * Description * PPH 23 * Line * 2 * GL Date * 26-APR-21';'';'';'38005';'';'';'PPh Psl 23 dan 26';'';'AP-AWT';'N';'';'SARANA BANDAR NASIONAL. PT';'JL. PALMAS NO.2';'';'';'';'IDR';'';'9883';'0000';'Default';'';'';'';'';'';'';'';to_date('','yyyymmdd');'';'';'';'';'';'';'';'8415';'-60898061';'234358717';'180408610'
'Tanjung Priok';'83';'010.010.21-20.000068';'1416553';'2';to_date('20210425','yyyymmdd');'';to_date('','yyyymmdd');'';'01';'010';'';'-167034';'Invoice Number * 010.010.21-20.000068 - * Vendor * SARANA BANDAR NASIONAL. PT * Description * PPH 23 * Line * 2 * GL Date * 26-APR-21';'';'';'38005';'';'';'PPh Psl 23 dan 26';'';'AP-AWT';'N';'';'SARANA BANDAR NASIONAL. PT';'JL. PALMAS NO.2';'';'';'';'IDR';'';'9883';'0000';'Default';'';'';'';'';'';'';'';to_date('','yyyymmdd');'';'';'';'';'';'';'';'8415';'-60898061';'234358717';'180408610'
'Tanjung Priok';'83';'010.010.21-20.000069';'1416558';'2';to_date('20210425','yyyymmdd');'';to_date('','yyyymmdd');'';'01';'010';'';'-743175';'Invoice Number * 010.010.21-20.000069 - * Vendor * SARANA BANDAR NASIONAL. PT * Description * PPH 23 * Line * 2 * GL Date * 26-APR-21';'';'';'38005';'';'';'PPh Psl 23 dan 26';'';'AP-AWT';'N';'';'SARANA BANDAR NASIONAL. PT';'JL. PALMAS NO.2';'';'';'';'IDR';'';'9883';'0000';'Default';'';'';'';'';'';'';'';to_date('','yyyymmdd');'';'';'';'';'';'';'';'8415';'-60898061';'234358717';'180408610'
'Tanjung Priok';'83';'010.010.21-20.000070';'1416559';'2';to_date('20210425','yyyymmdd');'';to_date('','yyyymmdd');'';'01';'010';'';'-656673';'Invoice Number * 010.010.21-20.000070 - * Vendor * SARANA BANDAR NASIONAL. PT * Description * PPH 23 * Line * 2 * GL Date * 26-APR-21';'';'';'38005';'';'';'PPh Psl 23 dan 26';'';'AP-AWT';'N';'';'SARANA BANDAR NASIONAL. PT';'JL. PALMAS NO.2';'';'';'';'IDR';'';'9883';'0000';'Default';'';'';'';'';'';'';'';to_date('','yyyymmdd');'';'';'';'';'';'';'';'8415';'-60898061';'234358717';'180408610'
'Tanjung Priok';'83';'010.010.21-20.000071';'1416560';'2';to_date('20210425','yyyymmdd');'';to_date('','yyyymmdd');'';'01';'010';'';'-207520';'Invoice Number * 010.010.21-20.000071 - * Vendor * SARANA BANDAR NASIONAL. PT * Description * PPH 23 * Line * 2 * GL Date * 26-APR-21';'';'';'38005';'';'';'PPh Psl 23 dan 26';'';'AP-AWT';'N';'';'SARANA BANDAR NASIONAL. PT';'JL. PALMAS NO.2';'';'';'';'IDR';'';'9883';'0000';'Default';'';'';'';'';'';'';'';to_date('','yyyymmdd');'';'';'';'';'';'';'';'8415';'-60898061';'234358717';'180408610'
'Tanjung Priok';'83';'010.010.21-20.000072';'1416561';'2';to_date('20210425','yyyymmdd');'';to_date('','yyyymmdd');'';'01';'010';'';'-171864';'Invoice Number * 010.010.21-20.000072 - * Vendor * SARANA BANDAR NASIONAL. PT * Description * PPH 23 * Line * 2 * GL Date * 26-APR-21';'';'';'38005';'';'';'PPh Psl 23 dan 26';'';'AP-AWT';'N';'';'SARANA BANDAR NASIONAL. PT';'JL. PALMAS NO.2';'';'';'';'IDR';'';'9883';'0000';'Default';'';'';'';'';'';'';'';to_date('','yyyymmdd');'';'';'';'';'';'';'';'8415';'-60898061';'234358717';'180408610'
'Tanjung Priok';'83';'010.010.21-20.000073';'1416562';'2';to_date('20210425','yyyymmdd');'';to_date('','yyyymmdd');'';'01';'010';'';'-218188';'Invoice Number * 010.010.21-20.000073 - * Vendor * SARANA BANDAR NASIONAL. PT * Description * PPH 23 * Line * 2 * GL Date * 26-APR-21';'';'';'38005';'';'';'PPh Psl 23 dan 26';'';'AP-AWT';'N';'';'SARANA BANDAR NASIONAL. PT';'JL. PALMAS NO.2';'';'';'';'IDR';'';'9883';'0000';'Default';'';'';'';'';'';'';'';to_date('','yyyymmdd');'';'';'';'';'';'';'';'8415';'-60898061';'234358717';'180408610'
'Tanjung Priok';'83';'010.010.21-20.000075';'1416554';'2';to_date('20210425','yyyymmdd');'';to_date('','yyyymmdd');'';'01';'010';'';'-165352';'Invoice Number * 010.010.21-20.000075 - * Vendor * SARANA BANDAR NASIONAL. PT * Description * PPH 23 * Line * 2 * GL Date * 26-APR-21';'';'';'38005';'';'';'PPh Psl 23 dan 26';'';'AP-AWT';'N';'';'SARANA BANDAR NASIONAL. PT';'JL. PALMAS NO.2';'';'';'';'IDR';'';'9883';'0000';'Default';'';'';'';'';'';'';'';to_date('','yyyymmdd');'';'';'';'';'';'';'';'8415';'-60898061';'234358717';'180408610'
'Tanjung Priok';'83';'010.010.21-20.000076';'1416564';'2';to_date('20210425','yyyymmdd');'';to_date('','yyyymmdd');'';'01';'010';'';'-124782';'Invoice Number * 010.010.21-20.000076 - * Vendor * SARANA BANDAR NASIONAL. PT * Description * PPH 23 * Line * 2 * GL Date * 26-APR-21';'';'';'38005';'';'';'PPh Psl 23 dan 26';'';'AP-AWT';'N';'';'SARANA BANDAR NASIONAL. PT';'JL. PALMAS NO.2';'';'';'';'IDR';'';'9883';'0000';'Default';'';'';'';'';'';'';'';to_date('','yyyymmdd');'';'';'';'';'';'';'';'8415';'-60898061';'234358717';'180408610'
'Tanjung Priok';'83';'010.010.21-20.000077';'1416563';'2';to_date('20210425','yyyymmdd');'';to_date('','yyyymmdd');'';'01';'010';'';'-624398';'Invoice Number * 010.010.21-20.000077 - * Vendor * SARANA BANDAR NASIONAL. PT * Description * PPH 23 * Line * 2 * GL Date * 26-APR-21';'';'';'38005';'';'';'PPh Psl 23 dan 26';'';'AP-AWT';'N';'';'SARANA BANDAR NASIONAL. PT';'JL. PALMAS NO.2';'';'';'';'IDR';'';'9883';'0000';'Default';'';'';'';'';'';'';'';to_date('','yyyymmdd');'';'';'';'';'';'';'';'8415';'-60898061';'234358717';'180408610'
'Tanjung Priok';'83';'010.010.21-20.000078';'1416556';'2';to_date('20210425','yyyymmdd');'';to_date('','yyyymmdd');'';'01';'010';'';'-182868';'Invoice Number * 010.010.21-20.000078 - * Vendor * SARANA BANDAR NASIONAL. PT * Description * PPH 23 * Line * 2 * GL Date * 26-APR-21';'';'';'38005';'';'';'PPh Psl 23 dan 26';'';'AP-AWT';'N';'';'SARANA BANDAR NASIONAL. PT';'JL. PALMAS NO.2';'';'';'';'IDR';'';'9883';'0000';'Default';'';'';'';'';'';'';'';to_date('','yyyymmdd');'';'';'';'';'';'';'';'8415';'-60898061';'234358717';'180408610'
'Tanjung Priok';'83';'010.010.21-20.000079';'1416565';'2';to_date('20210425','yyyymmdd');'';to_date('','yyyymmdd');'';'01';'010';'';'-679413';'Invoice Number * 010.010.21-20.000079 - * Vendor * SARANA BANDAR NASIONAL. PT * Description * PPH 23 * Line * 2 * GL Date * 26-APR-21';'';'';'38005';'';'';'PPh Psl 23 dan 26';'';'AP-AWT';'N';'';'SARANA BANDAR NASIONAL. PT';'JL. PALMAS NO.2';'';'';'';'IDR';'';'9883';'0000';'Default';'';'';'';'';'';'';'';to_date('','yyyymmdd');'';'';'';'';'';'';'';'8415';'-60898061';'234358717';'180408610'
'Tanjung Priok';'83';'010.010.21-20.000080';'1416566';'2';to_date('20210425','yyyymmdd');'';to_date('','yyyymmdd');'';'01';'010';'';'-173208';'Invoice Number * 010.010.21-20.000080 - * Vendor * SARANA BANDAR NASIONAL. PT * Description * PPH 23 * Line * 2 * GL Date * 26-APR-21';'';'';'38005';'';'';'PPh Psl 23 dan 26';'';'AP-AWT';'N';'';'SARANA BANDAR NASIONAL. PT';'JL. PALMAS NO.2';'';'';'';'IDR';'';'9883';'0000';'Default';'';'';'';'';'';'';'';to_date('','yyyymmdd');'';'';'';'';'';'';'';'8415';'-60898061';'234358717';'180408610'
'Tanjung Priok';'83';'010.010.21-20.000081';'1416567';'2';to_date('20210425','yyyymmdd');'';to_date('','yyyymmdd');'';'01';'010';'';'-165352';'Invoice Number * 010.010.21-20.000081 - * Vendor * SARANA BANDAR NASIONAL. PT * Description * PPH 23 * Line * 2 * GL Date * 26-APR-21';'';'';'38005';'';'';'PPh Psl 23 dan 26';'';'AP-AWT';'N';'';'SARANA BANDAR NASIONAL. PT';'JL. PALMAS NO.2';'';'';'';'IDR';'';'9883';'0000';'Default';'';'';'';'';'';'';'';to_date('','yyyymmdd');'';'';'';'';'';'';'';'8415';'-60898061';'234358717';'180408610'
'Tanjung Priok';'83';'010.010.21-20.000082';'1416568';'2';to_date('20210425','yyyymmdd');'';to_date('','yyyymmdd');'';'01';'010';'';'-177240';'Invoice Number * 010.010.21-20.000082 - * Vendor * SARANA BANDAR NASIONAL. PT * Description * PPH 23 * Line * 2 * GL Date * 26-APR-21';'';'';'38005';'';'';'PPh Psl 23 dan 26';'';'AP-AWT';'N';'';'SARANA BANDAR NASIONAL. PT';'JL. PALMAS NO.2';'';'';'';'IDR';'';'9883';'0000';'Default';'';'';'';'';'';'';'';to_date('','yyyymmdd');'';'';'';'';'';'';'';'8415';'-60898061';'234358717';'180408610'
'Tanjung Priok';'83';'010/BMU/CBG/III/2021.';'1413450';'4';to_date('20210415','yyyymmdd');'030.004-21.30340423';to_date('20210409','yyyymmdd');'00';'01';'010';'80106191';'-1355725';'Invoice Number * 010/BMU/CBG/III/2021. - 158344 * Vendor * BALONG MAS UTAMA.PT * Description * * Line * 4 * GL Date * 15-APR-21';'';'67786294';'35023';'';'';'PPh Psl 23 dan 26';'';'AP-AWT';'N';'';'BALONG MAS UTAMA.PT';'RUKO CEMPAKA MAS BLOK.D 17 SUMUR BATU JAK-PUS';'02.494.737.6-027.000';'';'';'IDR';'2';'9883';'0000';'Default';'';'';'';'';'';'';'';to_date('','yyyymmdd');'';'';'';'';'';'';'';'8209';'-60898061';'234358717';'180408610'
'Tanjung Priok';'83';'013/KWT/DSP/I/2021';'1412708';'2';to_date('20210414','yyyymmdd');'';to_date('','yyyymmdd');'17a';'01';'010';'80108061';'-200000';'Invoice Number * 013/KWT/DSP/I/2021 - 158261 * Vendor * DEESPE GERBANG MEDIA, PT * Description * PEMBY. TAGIHAN SPONSORSHIP BUKU AGENDA KERJA DIRJEN PERHUBUNGAN LAUT EDISI 2021 * Line * 2 * GL Date * 14-APR-21';'';'10000000';'994481';'';'';'PPh Psl 23 dan 26';'2';'AP-AWT';'N';'';'DEESPE GERBANG MEDIA, PT';'Jl. Cipinang Asem Raya No. 35 A Halim Perdanan Kusuma';'03.276.307.0-093.000';'';'';'IDR';'2';'9883';'0000';'Default';'';'';'';'';'';'';'';to_date('','yyyymmdd');'';'';'';'';'';'';'';'150502';'-60898061';'234358717';'180408610'
'Tanjung Priok';'83';'013/SN/III/2021';'1414190';'2';to_date('20210419','yyyymmdd');'';to_date('','yyyymmdd');'28';'01';'010';'80107106';'-416600';'Invoice Number * 013/SN/III/2021 - 158518 * Vendor * Sinko Jaya Lestari, PT * Description * * Line * 2 * GL Date * 19-APR-21';'';'20830000';'3446320';'';'';'PPh Psl 23 dan 26';'';'AP-AWT';'N';'';'Sinko Jaya Lestari, PT';'Jl. Darma Bakti No.79-80 Tanjung Priok';'';'';'';'IDR';'2';'9883';'0000';'Default';'';'';'';'';'';'';'';to_date('','yyyymmdd');'';'';'';'';'';'';'';'120736';'-60898061';'234358717';'180408610'
'Tanjung Priok';'83';'018/KWT/BBK/II/JKT-2021';'1410556';'2';to_date('20210408','yyyymmdd');'';to_date('','yyyymmdd');'28';'01';'010';'80107107';'-254400';'Invoice Number * 018/KWT/BBK/II/JKT-2021 - 157870 * Vendor * BOBOKO EUIS, CV * Description * * Line * 2 * GL Date * 08-APR-21';'';'12720000';'2050';'';'';'PPh Psl 23 dan 26';'';'AP-AWT';'N';'';'BOBOKO EUIS, CV';'Jl. Balai Pustaka Timur C5 Rt.005/010, Kel. Rawamangun';'026760363003000';'';'';'IDR';'2';'9883';'0000';'Default';'';'';'';'';'';'';'';to_date('','yyyymmdd');'';'';'';'';'';'';'';'171';'-60898061';'234358717';'180408610'
'Tanjung Priok';'83';'019/KWT/BBK/II/JKT-2021';'1414871';'2';to_date('20210420','yyyymmdd');'';to_date('','yyyymmdd');'28';'01';'010';'80107107';'-573400';'Invoice Number * 019/KWT/BBK/II/JKT-2021 - 158657 * Vendor * BOBOKO EUIS, CV * Description * * Line * 2 * GL Date * 20-APR-21';'';'28670000';'2050';'';'';'PPh Psl 23 dan 26';'';'AP-AWT';'N';'';'BOBOKO EUIS, CV';'Jl. Balai Pustaka Timur C5 Rt.005/010, Kel. Rawamangun';'026760363003000';'';'';'IDR';'2';'9883';'0000';'Default';'';'';'';'';'';'';'';to_date('','yyyymmdd');'';'';'';'';'';'';'';'171';'-60898061';'234358717';'180408610'
'Tanjung Priok';'83';'01KUI21040083';'1419104';'6';to_date('20210430','yyyymmdd');'030.002-21.12527698';to_date('20210401','yyyymmdd');'18';'01';'010';'80103272';'-14009908';'Invoice Number * 01KUI21040083 - 159337 * Vendor * Electronic Data Interchange Indonesia, PT * Description * * Line * 6 * GL Date * 30-APR-21';'';'700495425';'923317';'';'';'PPh Psl 23 dan 26';'2';'AP-AWT';'N';'';'Electronic Data Interchange Indonesia, PT';'WISMA SMR, LT.10 JL YOS SUDARSO KAV.89';'03.276.307.0-093.000';'';'';'IDR';'2';'9883';'0000';'Default';'';'';'';'';'';'';'';to_date('','yyyymmdd');'';'';'';'';'';'';'';'86187';'-60898061';'234358717';'180408610'
'Tanjung Priok';'83';'020/KWT-TMB/IV/2021';'1419108';'4';to_date('20210430','yyyymmdd');'030.004-21.14470603';to_date('20210429','yyyymmdd');'38';'01';'010';'80103261';'-3168401';'Invoice Number * 020/KWT-TMB/IV/2021 - 159339 * Vendor * TANGGUH MAJU BERSAMA, PT * Description * * Line * 4 * GL Date * 30-APR-21';'';'158420050';'1007326';'';'';'PPh Psl 23 dan 26';'2';'AP-AWT';'N';'';'TANGGUH MAJU BERSAMA, PT';'Jl. Muncang Blok L. No.1B, Rt.001/012, Kel. Lagoa Kec. Koja,';'03.276.307.0-093.000';'';'';'IDR';'2';'9883';'0000';'Default';'';'';'';'';'';'';'';to_date('','yyyymmdd');'';'';'';'';'';'';'';'50234';'-60898061';'234358717';'180408610'
'Tanjung Priok';'83';'021/KWT/SP/III/JKT-2021';'1412279';'6';to_date('20210414','yyyymmdd');'030.005-21.01124754.';to_date('20210322','yyyymmdd');'38';'01';'010';'80103291';'-2354781';'Invoice Number * 021/KWT/SP/III/JKT-2021 - 158176 * Vendor * SINAR PROTEKSINDO, PT * Description * * Line * 6 * GL Date * 14-APR-21';'';'117739090';'2115';'';'';'PPh Psl 23 dan 26';'';'AP-AWT';'N';'';'SINAR PROTEKSINDO, PT';'Jl. Angin Puyuh Rt.005/011 No.74 F Kel. Semper Barat';'016036832045000';'';'';'IDR';'2';'9883';'0000';'Default';'';'';'';'';'';'';'';to_date('','yyyymmdd');'';'';'';'';'';'';'';'236';'-60898061';'234358717';'180408610'
'Tanjung Priok';'83';'028/CS/KW/RPA/IV/2021';'1418048';'5';to_date('20210428','yyyymmdd');'030.005-21.55179306';to_date('20210427','yyyymmdd');'27';'01';'010';'80103261';'-6000791';'Invoice Number * 028/CS/KW/RPA/IV/2021 - 159176 * Vendor * ROS PESONA ALAM, PT * Description * * Line * 5 * GL Date * 28-APR-21';'';'300039566';'1181317';'';'';'PPh Psl 23 dan 26';'';'AP-AWT';'N';'';'ROS PESONA ALAM, PT';'Jl. Manunggal Pratama No.8 RT.011 RW.06 Kel. Cipinang Melayu Kec. Makasar';'';'';'';'IDR';'2';'9883';'0000';'Default';'';'';'';'';'';'';'';to_date('','yyyymmdd');'';'';'';'';'';'';'';'52214';'-60898061';'234358717';'180408610'
'Tanjung Priok';'83';'029/CS/KW/RPA/IV/2021';'1418043';'5';to_date('20210428','yyyymmdd');'030.005-21.55179307';to_date('20210427','yyyymmdd');'27';'01';'010';'80103261';'-695426';'Invoice Number * 029/CS/KW/RPA/IV/2021 - 159173 * Vendor * ROS PESONA ALAM, PT * Description * * Line * 5 * GL Date * 28-APR-21';'';'34771313';'1181317';'';'';'PPh Psl 23 dan 26';'';'AP-AWT';'N';'';'ROS PESONA ALAM, PT';'Jl. Manunggal Pratama No.8 RT.011 RW.06 Kel. Cipinang Melayu Kec. Makasar';'';'';'';'IDR';'2';'9883';'0000';'Default';'';'';'';'';'';'';'';to_date('','yyyymmdd');'';'';'';'';'';'';'';'52214';'-60898061';'234358717';'180408610'
'Tanjung Priok';'83';'04-BPG/INV/II/2021';'1407289';'4';to_date('20210401','yyyymmdd');'031.004-21.22193209';to_date('20210329','yyyymmdd');'27';'01';'010';'80103261';'-1632109';'Invoice Number * 04-BPG/INV/II/2021 - 157526 * Vendor * Bagen Prima Guna, PT * Description * * Line * 4 * GL Date * 01-APR-21';'';'81605453';'3609321';'';'';'PPh Psl 23 dan 26';'';'AP-AWT';'N';'';'Bagen Prima Guna, PT';'Jl. Swadaya Raya Blok A No.6 RT.010 RW.01 Kel. Jaticempaka Kec. Pondok Gede';'';'';'';'IDR';'2';'9883';'0000';'Default';'';'';'';'';'';'';'';to_date('','yyyymmdd');'';'';'';'';'';'';'';'125743';'-60898061';'234358717';'180408610'
'Tanjung Priok';'83';'050221195';'1419011';'4';to_date('20210430','yyyymmdd');'030.003-21.67104049';to_date('20210419','yyyymmdd');'45';'01';'010';'80106121';'-1728709';'Invoice Number * 050221195 - 159316 * Vendor * JAKARTA TANK TERMINAL PT. * Description * * Line * 4 * GL Date * 30-APR-21';'';'86435467';'166030';'';'';'PPh Psl 23 dan 26';'2';'AP-AWT';'N';'';'JAKARTA TANK TERMINAL PT.';'JL. TIMOR RAYA NO.2 TANJUNG PRIOK';'03.276.307.0-093.000';'';'';'IDR';'2';'9883';'0000';'Default';'';'';'';'';'';'';'';to_date('','yyyymmdd');'';'';'';'';'';'';'';'11793';'-60898061';'234358717';'180408610'
'Tanjung Priok';'83';'07-BPG/INV/IV/2021';'1418090';'6';to_date('20210428','yyyymmdd');'031.004-21.22193212';to_date('20210427','yyyymmdd');'27';'01';'010';'80103261';'-6637175';'Invoice Number * 07-BPG/INV/IV/2021 - 159188 * Vendor * Bagen Prima Guna, PT * Description * * Line * 6 * GL Date * 28-APR-21';'';'331858782';'3609321';'';'';'PPh Psl 23 dan 26';'';'AP-AWT';'N';'';'Bagen Prima Guna, PT';'Jl. Swadaya Raya Blok A No.6 RT.010 RW.01 Kel. Jaticempaka Kec. Pondok Gede';'';'';'';'IDR';'2';'9883';'0000';'Default';'';'';'';'';'';'';'';to_date('','yyyymmdd');'';'';'';'';'';'';'';'125743';'-60898061';'234358717';'180408610'
'Tanjung Priok';'83';'07/SAJ/KWT/II/2020';'1407211';'4';to_date('20210401','yyyymmdd');'031.003-21.42417221';to_date('20210225','yyyymmdd');'20';'01';'010';'80103241';'537667';'Invoice Number * 07/SAJ/KWT/II/2020 - 157513 * Vendor * SIRARA AGUNG JAYA, PT * Description * * Line * 4 * GL Date * 31-MAR-21';'';'26883380';'2116';'';'';'PPh Psl 23 dan 26';'';'AP-AWT';'N';'';'SIRARA AGUNG JAYA, PT';'Jl. Masjid Al-Ikhlas No.60 Kel. Petukangan Selatan';'01.996.713.2-013.000';'';'';'IDR';'2';'9883';'0000';'Default';'';'';'';'';'';'';'';to_date('','yyyymmdd');'';'';'';'';'';'';'';'237';'-60898061';'234358717';'180408610'
'Tanjung Priok';'83';'07/SAJ/KWT/II/2020.';'1414610';'6';to_date('20210420','yyyymmdd');'031.003-21.42417221.';to_date('20210225','yyyymmdd');'20';'01';'010';'80103241';'-537667';'Invoice Number * 07/SAJ/KWT/II/2020. - 158615 * Vendor * SIRARA AGUNG JAYA, PT * Description * * Line * 6 * GL Date * 20-APR-21';'';'26883380';'2116';'';'';'PPh Psl 23 dan 26';'';'AP-AWT';'N';'';'SIRARA AGUNG JAYA, PT';'Jl. Masjid Al-Ikhlas No.60 Kel. Petukangan Selatan';'01.996.713.2-013.000';'';'';'IDR';'2';'9883';'0000';'Default';'';'';'';'';'';'';'';to_date('','yyyymmdd');'';'';'';'';'';'';'';'237';'-60898061';'234358717';'180408610'
'Tanjung Priok';'83';'130/PCS/P.II.CBG/IV/2021';'1415546';'4';to_date('20210422','yyyymmdd');'030.003-21.08043491';to_date('20210401','yyyymmdd');'12';'01';'010';'80108041';'-2818228';'Invoice Number * 130/PCS/P.II.CBG/IV/2021 - 158779 * Vendor * PHILIA CITRA SEJAHTERA, PT * Description * * Line * 4 * GL Date * 22-APR-21';'';'140911435';'9135';'';'';'PPh Psl 23 dan 26';'';'AP-AWT';'N';'';'PHILIA CITRA SEJAHTERA, PT';'Jl. Cipeucang II No.32 Koja Jakarta Utara';'01.871.271.1-045.000';'';'';'IDR';'2';'9883';'0000';'Default';'';'';'';'';'';'';'';to_date('','yyyymmdd');'';'';'';'';'';'';'';'3591';'-60898061';'234358717';'180408610'
'Tanjung Priok';'83';'13000';'1413766';'2744140';to_date('20210420','yyyymmdd');'031.004-21.07682044';to_date('20210415','yyyymmdd');'18';'01';'010';'80106171';'-298000';'Invoice Number * 13000 - 158446 * Vendor * INTEGRASI LOGISTIK CIPTA SOLUSI, PT * Description * PEMBY. PEKERJAAN LAYANAN E-PAYMENT LOGISITK DI CABANG PELABUHAN TANJUNG PRIOK PERIODE 6 JANUARI SD 5 FEBRUARI 2021 * Line * 2744140 * GL Date * 2';'';'14900000';'255291';'';'';'PPh Psl 23 dan 26';'';'AP-AWT';'N';'';'INTEGRASI LOGISTIK CIPTA SOLUSI, PT';'Jl. Pasoso No. 1';'-';'';'';'IDR';'2';'9883';'0000';'Default';'';'';'';'';'';'';'';to_date('','yyyymmdd');'';'';'';'';'';'';'';'90748';'-60898061';'234358717';'180408610'
'Tanjung Priok';'83';'13080';'1417144';'2785099';to_date('20210427','yyyymmdd');'030.004-21.07682088';to_date('20210415','yyyymmdd');'18';'01';'010';'80103272';'-6162000';'Invoice Number * 13080 - 159052 * Vendor * INTEGRASI LOGISTIK CIPTA SOLUSI, PT * Description * PEMBY. TAGIHAN PEKERJAAN PERAWATAN SISTEM PELAYANAN KAPAL DI CABANG PELABUHAN TANJUNG PRIOK TAHAP IV PERIODE 2 DESEMBER 2020 - 1 MARET 2021 * Lin';'';'308100000';'255291';'';'';'PPh Psl 23 dan 26';'2';'AP-AWT';'N';'';'INTEGRASI LOGISTIK CIPTA SOLUSI, PT';'Jl. Pasoso No. 1';'-';'';'';'IDR';'2';'9883';'0000';'Default';'';'';'';'';'';'';'';to_date('','yyyymmdd');'';'';'';'';'';'';'';'90748';'-60898061';'234358717';'180408610'
'Tanjung Priok';'83';'13100';'1417275';'2787090';to_date('20210427','yyyymmdd');'23 MAR 2021';to_date('','yyyymmdd');'18';'01';'010';'80106171';'-298000';'Invoice Number * 13100 - 159074 * Vendor * INTEGRASI LOGISTIK CIPTA SOLUSI, PT * Description * PEMBY. TAGIHAN PEKERJAAN PENYEDIAAN LAYANAN E-PAYMENT LOGISTIK DI CABANG PELABUHAN TANJUNG PRIOK PERIODE 6 FEBRUARI - 5 MARET 2021 * Line * 27870';'';'14900000';'255291';'';'';'PPh Psl 23 dan 26';'2';'AP-AWT';'N';'';'INTEGRASI LOGISTIK CIPTA SOLUSI, PT';'Jl. Pasoso No. 1';'-';'';'';'IDR';'2';'9883';'0000';'Default';'';'';'';'';'';'';'';to_date('','yyyymmdd');'';'';'';'';'';'';'';'90748';'-60898061';'234358717';'180408610'
'Tanjung Priok';'83';'14677645/SI';'1418073';'3';to_date('20210428','yyyymmdd');'030.004-21.14677645';to_date('20210405','yyyymmdd');'58';'01';'010';'80107101';'-320000';'Invoice Number * 14677645/SI - 159179 * Vendor * Prismaco Jaya Indonesia, CV * Description * * Line * 3 * GL Date * 28-APR-21';'';'16000000';'1047318';'';'';'PPh Psl 23 dan 26';'';'AP-AWT';'N';'';'Prismaco Jaya Indonesia, CV';'Jl. Siliwangi No.56 RT.002 RW.004 Kel. Sepanjang Jaya Kec. Rawalumbu';'';'';'';'IDR';'2';'9883';'0000';'Default';'';'';'';'';'';'';'';to_date('','yyyymmdd');'';'';'';'';'';'';'';'52645';'-60898061';'234358717';'180408610'
'Tanjung Priok';'83';'195/JEK-FIN/III/21';'1415705';'4';to_date('20210422','yyyymmdd');'030.003-21.21468205';to_date('20210323','yyyymmdd');'19';'01';'010';'80102110';'-315240';'Invoice Number * 195/JEK-FIN/III/21 - 158807 * Vendor * JAGA EKA KARSA, PT * Description * * Line * 4 * GL Date * 22-APR-21';'';'15762000';'776291';'';'';'PPh Psl 23 dan 26';'2';'AP-AWT';'N';'';'JAGA EKA KARSA, PT';'Komp. Ruko Metland Menteng Jl. Menteng Niaga Blok 1 No. 5 Ujung Menteng Cakung Jakarta Timur';'03.276.307.0-093.000';'';'';'IDR';'2';'9883';'0000';'Default';'';'';'';'';'';'';'';to_date('','yyyymmdd');'';'';'';'';'';'';'';'29603';'-60898061';'234358717';'180408610'
'Tanjung Priok';'83';'21/0416130';'1418038';'4';to_date('20210428','yyyymmdd');'030.005-21.36613552';to_date('20210401','yyyymmdd');'18b';'01';'010';'80106171';'-300000';'Invoice Number * 21/0416130 - 159170 * Vendor * Aplikanusa Lintasarta, PT * Description * * Line * 4 * GL Date * 28-APR-21';'';'15000000';'985329';'';'';'PPh Psl 23 dan 26';'2';'AP-AWT';'N';'';'Aplikanusa Lintasarta, PT';'Menara Thamrin Lt.12 Jl. MH. Thamrin Kav.3';'01.329.929.2-092.000';'';'';'IDR';'2';'9883';'0000';'Default';'';'';'';'';'';'';'';to_date('','yyyymmdd');'';'';'';'';'';'';'';'49684';'-60898061';'234358717';'180408610'
'Tanjung Priok';'83';'2101018';'1407649';'2';to_date('20210401','yyyymmdd');'';to_date('','yyyymmdd');'58';'01';'010';'80102110';'-560000';'Invoice Number * 2101018 - 157563 * Vendor * Tunggal Perkasa Multiprima, PT * Description * PEMBY. PENGGANTIAN BIAYA SEWA LED DI POSKO KEMANUASIAAN PESAWAT SRIWIJAYA AIR SJ 182 DI JICT 2 * Line * 2 * GL Date * 01-APR-21';'';'14000000';'4346321';'';'';'PPh Psl 23 dan 26';'';'AP-AWT';'N';'';'Tunggal Perkasa Multiprima, PT';'Jl. Telaga Raya No.12a';'';'';'';'IDR';'4';'9883';'0000';'Default';'';'';'';'';'';'';'';to_date('','yyyymmdd');'';'';'';'';'';'';'';'147142';'-60898061';'234358717';'180408610'
'Tanjung Priok';'83';'21040570';'1417590';'4';to_date('20210428','yyyymmdd');'030.003-21.86310283';to_date('20210421','yyyymmdd');'19';'01';'010';'80103261';'-739866';'Invoice Number * 21040570 - 159108 * Vendor * PT EKAPERSADA ABADI * Description * * Line * 4 * GL Date * 28-APR-21';'';'36993338';'2981486';'';'';'PPh Psl 23 dan 26';'2';'AP-AWT';'N';'';'PT EKAPERSADA ABADI';'Jl. Pasar Lama Selatan No. 20';'01.327.424.6.0.000';'';'';'IDR';'2';'9883';'0000';'Default';'';'';'';'';'';'';'';to_date('','yyyymmdd');'';'';'';'';'';'';'';'102542';'-60898061';'234358717';'180408610'
'Tanjung Priok';'83';'4903954000039202104';'1418046';'3';to_date('20210428','yyyymmdd');'010.003-21.07207756';to_date('20210401','yyyymmdd');'18b';'01';'010';'80106171';'-32000';'Invoice Number * 4903954000039202104 - 159175 * Vendor * PT Telekomunikasi Indonesia, Tbk * Description * * Line * 3 * GL Date * 28-APR-21';'';'1600000';'1581318';'';'';'PPh Psl 23 dan 26';'2';'AP-AWT';'N';'';'PT Telekomunikasi Indonesia, Tbk';'PT Telekomunikasi Indonesia, Tbk';'';'';'';'IDR';'2';'9883';'0000';'Default';'';'';'';'';'';'';'';to_date('','yyyymmdd');'';'';'';'';'';'';'';'83941';'-60898061';'234358717';'180408610'
'Tanjung Priok';'83';'8-BPG/INV/IV/2021';'1418084';'6';to_date('20210428','yyyymmdd');'030.004-21.22193213';to_date('20210427','yyyymmdd');'27';'01';'010';'80103261';'-1632109';'Invoice Number * 8-BPG/INV/IV/2021 - 159184 * Vendor * Bagen Prima Guna, PT * Description * * Line * 6 * GL Date * 28-APR-21';'';'81605453';'3609321';'';'';'PPh Psl 23 dan 26';'';'AP-AWT';'N';'';'Bagen Prima Guna, PT';'Jl. Swadaya Raya Blok A No.6 RT.010 RW.01 Kel. Jaticempaka Kec. Pondok Gede';'';'';'';'IDR';'2';'9883';'0000';'Default';'';'';'';'';'';'';'';to_date('','yyyymmdd');'';'';'';'';'';'';'';'125743';'-60898061';'234358717';'180408610'
'Tanjung Priok';'83';'CFS-APW/05APRIL2021-11APRIL2021';'1411245';'2';to_date('20210411','yyyymmdd');'';to_date('','yyyymmdd');'';'01';'010';'';'-10993230';'Invoice Number * CFS-APW/05APRIL2021-11APRIL2021 - * Vendor * AGUNG RAYA, PT * Description * PPH 23 * Line * 2 * GL Date * 11-APR-21';'';'';'269289';'';'';'PPh Psl 23 dan 26';'';'AP-AWT';'N';'';'AGUNG RAYA, PT';'JL.BANGKA NO.1 TANJUNG PRIOK';'';'';'';'IDR';'';'9883';'0000';'Default';'';'';'';'';'';'';'';to_date('','yyyymmdd');'';'';'';'';'';'';'';'15681';'-60898061';'234358717';'180408610'
'Tanjung Priok';'83';'CFS-APW/12APRIL2021-18APRIL2021';'1414154';'2';to_date('20210418','yyyymmdd');'';to_date('','yyyymmdd');'';'01';'010';'';'-12177075';'Invoice Number * CFS-APW/12APRIL2021-18APRIL2021 - * Vendor * AGUNG RAYA, PT * Description * PPH 23 * Line * 2 * GL Date * 18-APR-21';'';'';'269289';'';'';'PPh Psl 23 dan 26';'';'AP-AWT';'N';'';'AGUNG RAYA, PT';'JL.BANGKA NO.1 TANJUNG PRIOK';'';'';'';'IDR';'';'9883';'0000';'Default';'';'';'';'';'';'';'';to_date('','yyyymmdd');'';'';'';'';'';'';'';'15681';'-60898061';'234358717';'180408610'
'Tanjung Priok';'83';'CFS-APW/19APRIL2021-25APRIL2021';'1416551';'2';to_date('20210425','yyyymmdd');'';to_date('','yyyymmdd');'';'01';'010';'';'-7840460';'Invoice Number * CFS-APW/19APRIL2021-25APRIL2021 - * Vendor * AGUNG RAYA, PT * Description * PPH 23 * Line * 2 * GL Date * 25-APR-21';'';'';'269289';'';'';'PPh Psl 23 dan 26';'';'AP-AWT';'N';'';'AGUNG RAYA, PT';'JL.BANGKA NO.1 TANJUNG PRIOK';'';'';'';'IDR';'';'9883';'0000';'Default';'';'';'';'';'';'';'';to_date('','yyyymmdd');'';'';'';'';'';'';'';'15681';'-60898061';'234358717';'180408610'
'Tanjung Priok';'83';'CFS-APW/29MARCH2021-04APRIL2021';'1408549';'2';to_date('20210404','yyyymmdd');'';to_date('','yyyymmdd');'';'01';'010';'';'-8105540';'Invoice Number * CFS-APW/29MARCH2021-04APRIL2021 - * Vendor * AGUNG RAYA, PT * Description * PPH 23 * Line * 2 * GL Date * 04-APR-21';'';'';'269289';'';'';'PPh Psl 23 dan 26';'';'AP-AWT';'N';'';'AGUNG RAYA, PT';'JL.BANGKA NO.1 TANJUNG PRIOK';'';'';'';'IDR';'';'9883';'0000';'Default';'';'';'';'';'';'';'';to_date('','yyyymmdd');'';'';'';'';'';'';'';'15681';'-60898061';'234358717';'180408610'
'Tanjung Priok';'83';'CFS-MTI/05APRIL2021-11APRIL2021';'1411244';'2';to_date('20210411','yyyymmdd');'';to_date('','yyyymmdd');'';'01';'010';'';'-9885870';'Invoice Number * CFS-MTI/05APRIL2021-11APRIL2021 - * Vendor * MULTI TERMINAL INDONESIA CAB. JAKARTA, PT * Description * PPH 23 * Line * 2 * GL Date * 11-APR-21';'';'';'202031';'';'';'PPh Psl 23 dan 26';'';'AP-AWT';'N';'';'MULTI TERMINAL INDONESIA CAB. JAKARTA, PT';'JL. PULAU PAYUNG NO. 1 TANJUNG PRIOK';'01.723.619.1.305.000';'';'';'IDR';'';'9883';'0000';'Default';'';'';'';'';'';'';'';to_date('','yyyymmdd');'';'';'';'';'';'';'';'63465';'-60898061';'234358717';'180408610'
'Tanjung Priok';'83';'CFS-MTI/12APRIL2021-18APRIL2021';'1414153';'2';to_date('20210418','yyyymmdd');'';to_date('','yyyymmdd');'';'01';'010';'';'-7814885';'Invoice Number * CFS-MTI/12APRIL2021-18APRIL2021 - * Vendor * MULTI TERMINAL INDONESIA CAB. JAKARTA, PT * Description * PPH 23 * Line * 2 * GL Date * 18-APR-21';'';'';'202031';'';'';'PPh Psl 23 dan 26';'';'AP-AWT';'N';'';'MULTI TERMINAL INDONESIA CAB. JAKARTA, PT';'JL. PULAU PAYUNG NO. 1 TANJUNG PRIOK';'01.723.619.1.305.000';'';'';'IDR';'';'9883';'0000';'Default';'';'';'';'';'';'';'';to_date('','yyyymmdd');'';'';'';'';'';'';'';'63465';'-60898061';'234358717';'180408610'
'Tanjung Priok';'83';'CFS-MTI/19APRIL2021-25APRIL2021';'1416550';'2';to_date('20210425','yyyymmdd');'';to_date('','yyyymmdd');'';'01';'010';'';'-6216125';'Invoice Number * CFS-MTI/19APRIL2021-25APRIL2021 - * Vendor * MULTI TERMINAL INDONESIA CAB. JAKARTA, PT * Description * PPH 23 * Line * 2 * GL Date * 25-APR-21';'';'';'202031';'';'';'PPh Psl 23 dan 26';'';'AP-AWT';'N';'';'MULTI TERMINAL INDONESIA CAB. JAKARTA, PT';'JL. PULAU PAYUNG NO. 1 TANJUNG PRIOK';'01.723.619.1.305.000';'';'';'IDR';'';'9883';'0000';'Default';'';'';'';'';'';'';'';to_date('','yyyymmdd');'';'';'';'';'';'';'';'63465';'-60898061';'234358717';'180408610'
'Tanjung Priok';'83';'CFS-MTI/29MARCH2021-04APRIL2021';'1408551';'2';to_date('20210404','yyyymmdd');'';to_date('','yyyymmdd');'';'01';'010';'';'-6862620';'Invoice Number * CFS-MTI/29MARCH2021-04APRIL2021 - * Vendor * MULTI TERMINAL INDONESIA CAB. JAKARTA, PT * Description * PPH 23 * Line * 2 * GL Date * 04-APR-21';'';'';'202031';'';'';'PPh Psl 23 dan 26';'';'AP-AWT';'N';'';'MULTI TERMINAL INDONESIA CAB. JAKARTA, PT';'JL. PULAU PAYUNG NO. 1 TANJUNG PRIOK';'01.723.619.1.305.000';'';'';'IDR';'';'9883';'0000';'Default';'';'';'';'';'';'';'';to_date('','yyyymmdd');'';'';'';'';'';'';'';'63465';'-60898061';'234358717';'180408610'
'Tanjung Priok';'83';'CFS-PESA/05APRIL2021-11APRIL2021';'1411246';'2';to_date('20210411','yyyymmdd');'';to_date('','yyyymmdd');'';'01';'010';'';'-2682730';'Invoice Number * CFS-PESA/05APRIL2021-11APRIL2021 - * Vendor * PT. PESAKA LOKA KIRANA * Description * PPH 23 * Line * 2 * GL Date * 11-APR-21';'';'';'3446319';'';'';'PPh Psl 23 dan 26';'';'AP-AWT';'N';'';'PT. PESAKA LOKA KIRANA';'JL. AGUNG, SULTAN, RT.003 RW.011 MEDAN SATRIA';'';'';'';'IDR';'';'9883';'0000';'Default';'';'';'';'';'';'';'';to_date('','yyyymmdd');'';'';'';'';'';'';'';'120685';'-60898061';'234358717';'180408610'
'Tanjung Priok';'83';'CFS-PESA/12APRIL2021-18APRIL2021';'1414155';'2';to_date('20210418','yyyymmdd');'';to_date('','yyyymmdd');'';'01';'010';'';'-2436440';'Invoice Number * CFS-PESA/12APRIL2021-18APRIL2021 - * Vendor * PT. PESAKA LOKA KIRANA * Description * PPH 23 * Line * 2 * GL Date * 18-APR-21';'';'';'3446319';'';'';'PPh Psl 23 dan 26';'';'AP-AWT';'N';'';'PT. PESAKA LOKA KIRANA';'JL. AGUNG, SULTAN, RT.003 RW.011 MEDAN SATRIA';'';'';'';'IDR';'';'9883';'0000';'Default';'';'';'';'';'';'';'';to_date('','yyyymmdd');'';'';'';'';'';'';'';'120685';'-60898061';'234358717';'180408610'
'Tanjung Priok';'83';'CFS-PESA/19APRIL2021-25APRIL2021';'1416552';'2';to_date('20210425','yyyymmdd');'';to_date('','yyyymmdd');'';'01';'010';'';'-1682805';'Invoice Number * CFS-PESA/19APRIL2021-25APRIL2021 - * Vendor * PT. PESAKA LOKA KIRANA * Description * PPH 23 * Line * 2 * GL Date * 25-APR-21';'';'';'3446319';'';'';'PPh Psl 23 dan 26';'';'AP-AWT';'N';'';'PT. PESAKA LOKA KIRANA';'JL. AGUNG, SULTAN, RT.003 RW.011 MEDAN SATRIA';'';'';'';'IDR';'';'9883';'0000';'Default';'';'';'';'';'';'';'';to_date('','yyyymmdd');'';'';'';'';'';'';'';'120685';'-60898061';'234358717';'180408610'
'Tanjung Priok';'83';'CFS-PESA/29MARCH2021-04APRIL2021';'1408550';'2';to_date('20210404','yyyymmdd');'';to_date('','yyyymmdd');'';'01';'010';'';'-2165890';'Invoice Number * CFS-PESA/29MARCH2021-04APRIL2021 - * Vendor * PT. PESAKA LOKA KIRANA * Description * PPH 23 * Line * 2 * GL Date * 04-APR-21';'';'';'3446319';'';'';'PPh Psl 23 dan 26';'';'AP-AWT';'N';'';'PT. PESAKA LOKA KIRANA';'JL. AGUNG, SULTAN, RT.003 RW.011 MEDAN SATRIA';'';'';'';'IDR';'';'9883';'0000';'Default';'';'';'';'';'';'';'';to_date('','yyyymmdd');'';'';'';'';'';'';'';'120685';'-60898061';'234358717';'180408610'
'Tanjung Priok';'83';'INV-AP21-0011';'1419137';'2';to_date('20210430','yyyymmdd');'';to_date('','yyyymmdd');'17a';'01';'010';'80108061';'-1250000';'Invoice Number * INV-AP21-0011 - 159342 * Vendor * Aruna Project * Description * * Line * 2 * GL Date * 30-APR-21';'';'31250000';'3053318';'';'';'PPh Psl 23 dan 26';'';'AP-AWT';'N';'';'Aruna Project';'Jl. Nanjung Raya Kp. Cigugur No.RO3';'';'';'';'IDR';'2';'9883';'0000';'Default';'';'';'';'';'';'';'';to_date('','yyyymmdd');'';'';'';'';'';'';'';'105302';'-60898061';'234358717';'180408610'
'Tanjung Priok';'83';'KJP-21/02/0203';'1410216';'3';to_date('20210407','yyyymmdd');'';to_date('','yyyymmdd');'';'01';'010';'80101062';'-3067640';'Invoice Number * KJP-21/02/0203 - 157825 * Vendor * Kirana Indo Pratama, PT * Description * * Line * 3 * GL Date * 07-APR-21';'';'';'3580325';'';'';'PPh Psl 23 dan 26';'';'AP-AWT';'N';'';'Kirana Indo Pratama, PT';'Jl. Gemalapik No.57 Desa Pasir Sari Kec. Cikarang Selatan';'';'';'';'IDR';'';'9883';'0000';'Default';'';'';'';'';'';'';'';to_date('','yyyymmdd');'';'';'';'';'';'';'';'124730';'-60898061';'234358717';'180408610'
'Tanjung Priok';'83';'KJP-21/03/0430';'1410219';'3';to_date('20210407','yyyymmdd');'';to_date('','yyyymmdd');'28';'01';'010';'80102103';'-2758750';'Invoice Number * KJP-21/03/0430 - 157827 * Vendor * Kirana Indo Pratama, PT * Description * * Line * 3 * GL Date * 07-APR-21';'';'13937500';'3580325';'';'';'PPh Psl 23 dan 26';'';'AP-AWT';'N';'';'Kirana Indo Pratama, PT';'Jl. Gemalapik No.57 Desa Pasir Sari Kec. Cikarang Selatan';'';'';'';'IDR';'2';'9883';'0000';'Default';'';'';'';'';'';'';'';to_date('','yyyymmdd');'';'';'';'';'';'';'';'124730';'-60898061';'234358717';'180408610'
'Tanjung Priok';'83';'KU.02.04/4/3/3/D6/D6/D6.CTPK-21';'1408829';'2';to_date('20210405','yyyymmdd');'';to_date('','yyyymmdd');'';'01';'010';'80107101';'-293908';'Invoice Number * KU.02.04/4/3/3/D6/D6/D6.CTPK-21 - 157672 * Vendor * JUNIOR DGM UMUM & LOGISTIK * Description * PPH 23 atas penggantian kebutuhan photo copy & jilid bulan desember 2020 & januari 2021 * Line * 2 * GL Date * 05-APR-21';'';'';'1184325';'';'';'PPh Psl 23 dan 26';'';'AP-AWT';'N';'';'JUNIOR DGM UMUM & LOGISTIK';'Cabang Pelabuhan Tanjung Priok';'';'';'';'IDR';'';'9883';'0000';'Default';'';'';'';'';'';'';'';to_date('','yyyymmdd');'';'';'';'';'';'';'';'51246';'-60898061';'234358717';'180408610'
'Tanjung Priok';'83';'KU.269/05/06/JTU-21';'1414773';'4';to_date('20210420','yyyymmdd');'';to_date('','yyyymmdd');'13';'01';'010';'80108011';'-1600';'Invoice Number * KU.269/05/06/JTU-21 - 158641 * Vendor * PT Jasa Trans Utama * Description * * Line * 4 * GL Date * 20-APR-21';'';'80000';'882330';'';'';'PPh Psl 23 dan 26';'2';'AP-AWT';'N';'';'PT Jasa Trans Utama';'Jl. Bugis Raya No. 25 Kebon Bawang, Tanjung Priok Jakarta Utara';'';'';'';'IDR';'2';'9883';'0000';'Default';'';'';'';'';'';'';'';to_date('','yyyymmdd');'';'';'';'';'';'';'';'46543';'-60898061';'234358717';'180408610'
'Tanjung Priok';'83';'KU.269/06/02/JTU-21';'1415701';'4';to_date('20210422','yyyymmdd');'040.005-21.64062325';to_date('20210326','yyyymmdd');'13';'01';'010';'80108011';'-1600';'Invoice Number * KU.269/06/02/JTU-21 - 158801 * Vendor * PT Jasa Trans Utama * Description * * Line * 4 * GL Date * 22-APR-21';'';'80000';'882330';'';'';'PPh Psl 23 dan 26';'2';'AP-AWT';'N';'';'PT Jasa Trans Utama';'Jl. Bugis Raya No. 25 Kebon Bawang, Tanjung Priok Jakarta Utara';'';'';'';'IDR';'2';'9883';'0000';'Default';'';'';'';'';'';'';'';to_date('','yyyymmdd');'';'';'';'';'';'';'';'46543';'-60898061';'234358717';'180408610'
'Tanjung Priok';'83';'KU.269/06/03/JTU-21';'1415706';'4';to_date('20210422','yyyymmdd');'040.005-21.64062326';to_date('20210326','yyyymmdd');'13';'01';'010';'80108011';'-2400';'Invoice Number * KU.269/06/03/JTU-21 - 158808 * Vendor * PT Jasa Trans Utama * Description * * Line * 4 * GL Date * 22-APR-21';'';'120000';'882330';'';'';'PPh Psl 23 dan 26';'2';'AP-AWT';'N';'';'PT Jasa Trans Utama';'Jl. Bugis Raya No. 25 Kebon Bawang, Tanjung Priok Jakarta Utara';'';'';'';'IDR';'2';'9883';'0000';'Default';'';'';'';'';'';'';'';to_date('','yyyymmdd');'';'';'';'';'';'';'';'46543';'-60898061';'234358717';'180408610'
'Tanjung Priok';'83';'KU.269/21/05/KPM.TPK-2021';'1413683';'4';to_date('20210416','yyyymmdd');'030.004-21.33219489';to_date('20210401','yyyymmdd');'12';'01';'010';'80106902';'-955878';'Invoice Number * KU.269/21/05/KPM.TPK-2021 - 158407 * Vendor * KOPEGMAR TANJUNG PRIOK * Description * * Line * 4 * GL Date * 16-APR-21';'';'47793936';'2166';'';'';'PPh Psl 23 dan 26';'';'AP-AWT';'N';'';'KOPEGMAR TANJUNG PRIOK';'JL. CEMPAKA NO. 14 RT 004/012';'03.276.307.0-093.000';'';'';'IDR';'2';'9883';'0000';'Default';'';'';'';'';'';'';'';to_date('','yyyymmdd');'';'';'';'';'';'';'';'145';'-60898061';'234358717';'180408610'
'Tanjung Priok';'83';'KU.269/21/06/KPM.TPK-2021';'1413678';'4';to_date('20210416','yyyymmdd');'030.004-21.33219490';to_date('20210401','yyyymmdd');'12';'01';'010';'80106902';'-1106572';'Invoice Number * KU.269/21/06/KPM.TPK-2021 - 158402 * Vendor * KOPEGMAR TANJUNG PRIOK * Description * * Line * 4 * GL Date * 16-APR-21';'';'55328605';'2166';'';'';'PPh Psl 23 dan 26';'';'AP-AWT';'N';'';'KOPEGMAR TANJUNG PRIOK';'JL. CEMPAKA NO. 14 RT 004/012';'03.276.307.0-093.000';'';'';'IDR';'2';'9883';'0000';'Default';'';'';'';'';'';'';'';to_date('','yyyymmdd');'';'';'';'';'';'';'';'145';'-60898061';'234358717';'180408610'
'Tanjung Priok';'83';'KU.269/21/07/KPM.TPK-2021';'1413685';'4';to_date('20210416','yyyymmdd');'030.004-21.33219491';to_date('20210401','yyyymmdd');'12';'01';'010';'80106902';'-997817';'Invoice Number * KU.269/21/07/KPM.TPK-2021 - 158409 * Vendor * KOPEGMAR TANJUNG PRIOK * Description * * Line * 4 * GL Date * 16-APR-21';'';'49890889';'2166';'';'';'PPh Psl 23 dan 26';'';'AP-AWT';'N';'';'KOPEGMAR TANJUNG PRIOK';'JL. CEMPAKA NO. 14 RT 004/012';'03.276.307.0-093.000';'';'';'IDR';'2';'9883';'0000';'Default';'';'';'';'';'';'';'';to_date('','yyyymmdd');'';'';'';'';'';'';'';'145';'-60898061';'234358717';'180408610'
'Tanjung Priok';'83';'SPM.026/CUB.PEL/IV/2021';'1414872';'5';to_date('20210420','yyyymmdd');'030.004-21.24193423';to_date('20210407','yyyymmdd');'58';'01';'010';'80106181';'-280000';'Invoice Number * SPM.026/CUB.PEL/IV/2021 - 158658 * Vendor * PT CEMPAKA UTAMA BERSAMA CEMPAKA UTAMA BERSAMA * Description * * Line * 5 * GL Date * 20-APR-21';'';'14000000';'3417337';'';'';'PPh Psl 23 dan 26';'';'AP-AWT';'N';'';'PT CEMPAKA UTAMA BERSAMA CEMPAKA UTAMA BERSAMA';'JL CEMPAKA NO. 14 RT 004 RW 012 RAWABADAK UTARA, KOJA, TANJUNG PRIOK';'83.110.381.7.045.000';'';'';'IDR';'2';'9883';'0000';'Default';'';'';'';'';'';'';'';to_date('','yyyymmdd');'';'';'';'';'';'';'';'118917';'-60898061';'234358717';'180408610'
'Tanjung Priok';'83';'SPM.027/CUB.PEL/IV/2021';'1414874';'5';to_date('20210420','yyyymmdd');'030.004-21.24193424';to_date('20210407','yyyymmdd');'58';'01';'010';'80106181';'-686000';'Invoice Number * SPM.027/CUB.PEL/IV/2021 - 158660 * Vendor * PT CEMPAKA UTAMA BERSAMA CEMPAKA UTAMA BERSAMA * Description * * Line * 5 * GL Date * 20-APR-21';'';'34300000';'3417337';'';'';'PPh Psl 23 dan 26';'';'AP-AWT';'N';'';'PT CEMPAKA UTAMA BERSAMA CEMPAKA UTAMA BERSAMA';'JL CEMPAKA NO. 14 RT 004 RW 012 RAWABADAK UTARA, KOJA, TANJUNG PRIOK';'83.110.381.7.045.000';'';'';'IDR';'2';'9883';'0000';'Default';'';'';'';'';'';'';'';to_date('','yyyymmdd');'';'';'';'';'';'';'';'118917';'-60898061';'234358717';'180408610'
